x,y
242.3,399.3 
242.4,399.3
242.5,399.3
242.5,399.4
242.6,399.4
242.7,399.4
242.8,399.4
242.8,399.5
242.9,399.5
243,399.5
243.1,399.5
243.2,399.5
243.3,399.5
243.3,399.6
243.2,399.6
243.3,399.7
243.3,399.6
243.4,399.5
243.5,399.5
243.5,399.6
243.5,399.7
243.6,399.7
243.6,399.8
243.5,399.8
243.5,399.9
243.4,399.9
243.3,400
243.3,400.1
243.2,400.2
243.3,400.3
243.2,400.3
243.1,400.3
243.1,400.4
243,400.5
243,400.6
242.9,400.6
242.9,400.7
242.9,400.8
242.8,400.8
242.8,400.9
242.7,400.9
242.7,401
242.6,401
242.6,401.1
242.5,401.1
242.4,401.2
242.4,401.3
242.5,401.3
242.5,401.4
242.4,401.5
242.4,401.6
242.4,401.7
242.4,401.8
242.4,401.9
242.4,402
242.4,402.1
242.4,402.2
242.5,402.3
242.5,402.4
242.5,402.5
242.5,402.6
242.6,402.7
242.6,402.8
242.6,402.9
242.7,402.9
242.7,403
242.8,403
242.8,403.1
242.8,403.2
242.8,403.3
242.9,403.3
243,403.3
243.1,403.3
243.2,403.3
243.3,403.3
243.4,403.3
243.5,403.3
243.6,403.3
243.7,403.3
243.7,403.4
243.8,403.4
243.8,403.5
243.8,403.6
243.7,403.7
243.6,403.7
243.5,403.8
243.4,403.9
243.4,404
243.4,404.1
243.4,404.2
243.4,404.3
243.4,404.4
243.3,404.4
243.3,404.5
243.3,404.6
243.3,404.7
243.4,404.7
243.4,404.8
243.4,404.9
243.5,404.9
243.5,405
243.4,405.1
243.4,405.2
243.4,405.3
243.4,405.4
243.5,405.5
243.5,405.6
243.6,405.6
243.7,405.6
243.8,405.7
243.9,405.7
244,405.7
244.1,405.7
244.2,405.6
244.3,405.6
244.4,405.6
244.5,405.6
244.6,405.6
244.7,405.7
244.8,405.7
244.8,405.8
244.9,405.8
245,405.8
245.1,405.9
245.2,405.9
245.3,405.9
245.3,406
245.4,406
245.4,406.1
245.5,406.2
245.6,406.3
245.7,406.3
245.7,406.4
245.6,406.5
245.7,406.6
245.7,406.7
245.8,406.7
245.8,406.8
245.8,406.9
245.8,407
245.9,407
245.9,407.1
245.9,407.2
245.9,407.3
245.9,407.4
246,407.5
246,407.6
246.1,407.7
246.2,407.7
246.2,407.8
246.3,407.8
246.3,407.9
246.4,407.9
246.4,408
246.4,408.1
246.3,408.2
246.4,408.2
246.4,408.3
246.4,408.4
246.5,408.4
246.5,408.5
246.5,408.6
246.5,408.7
246.6,408.7
246.6,408.8
246.7,408.8
246.7,408.9
246.8,408.9
246.9,409
246.9,409.1
247,409.2
247,409.3
247,409.4
247.1,409.4
247.1,409.5
247.2,409.5
247.2,409.6
247.3,409.7
247.3,409.8
247.4,409.8
247.5,409.9
247.5,410
247.5,410.1
247.6,410.2
247.6,410.3
247.7,410.4
247.7,410.5
247.8,410.6
247.9,410.7
248,410.7
248,410.8
248.1,410.9
248.1,411
248.1,411.1
248.1,411.2
248.1,411.3
248.1,411.4
248.1,411.5
248.1,411.6
248.1,411.7
248.2,411.7
248.1,411.7
248.1,411.8
248.1,411.9
248.1,412
248.2,412.1
248.3,412.1
248.4,412.2
248.4,412.3
248.4,412.4
248.4,412.5
248.4,412.6
248.5,412.6
248.5,412.7
248.5,412.8
248.5,412.9
248.6,412.9
248.6,413
248.7,413
248.7,413.1
248.6,413.2
248.6,413.1
248.5,413.1
248.5,413.2
248.5,413.3
248.5,413.4
248.5,413.5
248.5,413.6
248.4,413.6
248.4,413.7
248.3,413.8
248.3,413.9
248.2,413.9
248.3,413.9
248.3,414
248.3,414.1
248.4,414.1
248.4,414.2
248.5,414.2
248.5,414.3
248.5,414.4
248.5,414.5
248.6,414.6
248.6,414.7
248.7,414.8
248.7,414.9
248.8,414.9
248.8,415
248.9,415
248.9,415.1
249,415.1
249,415.2
249,415.3
249,415.4
249,415.5
249.1,415.6
249.1,415.7
249.1,415.8
249.2,415.8
249.2,415.9
249.3,415.9
249.4,415.9
249.5,415.9
249.6,415.9
249.6,416
249.7,416
249.8,416
249.9,416
250,416
250,416.1
250.1,416.1
250.2,416.1
250.3,416.1
250.4,416.2
250.5,416.2
250.6,416.2
250.7,416.2
250.8,416.3
250.9,416.3
251,416.3
251.1,416.3
251.1,416.4
251.2,416.4
251.3,416.4
251.4,416.4
251.5,416.4
251.5,416.5
251.6,416.5
251.6,416.6
251.7,416.6
251.7,416.7
251.7,416.8
251.8,416.8
251.8,416.9
251.8,417
251.9,417
251.9,417.1
251.9,417.2
252,417.3
252,417.4
252.1,417.5
252.1,417.6
252.2,417.7
252.2,417.8
252.2,417.9
252.3,417.9
252.3,418
252.3,418.1
252.4,418.1
252.4,418.2
252.4,418.3
252.5,418.3
252.5,418.4
252.6,418.5
252.7,418.5
252.8,418.5
252.9,418.5
253,418.5
253.1,418.5
253.1,418.6
253.2,418.6
253.3,418.6
253.4,418.6
253.5,418.6
253.6,418.6
253.7,418.7
253.8,418.7
253.9,418.7
254,418.7
254.1,418.7
254.1,418.8
254.2,418.8
254.3,418.8
254.4,418.8
254.5,418.8
254.6,418.8
254.7,418.9
254.8,418.9
254.9,418.9
255,418.9
255.1,418.9
255.2,418.9
255.2,419
255.3,419
255.4,419
255.4,419.1
255.4,419.2
255.5,419.2
255.6,419.2
255.7,419.3
255.8,419.3
255.8,419.4
255.9,419.5
256,419.6
256.1,419.6
256.1,419.7
256.2,419.8
256.3,419.9
256.4,420
256.5,420
256.5,420.1
256.6,420.1
256.6,420.2
256.7,420.2
256.7,420.3
256.8,420.4
256.9,420.4
256.9,420.5
257,420.5
257,420.6
257.1,420.7
257.2,420.8
257.4,420.9
257.6,421.2
258,421.6
258.1,421.6
258.4,422
258.5,422.1
258.6,422.2
258.6,422.1
258.7,421.9
258.7,422
258.8,422
258.8,422.1
258.8,422.2
258.9,422.2
258.9,422.3
258.9,422.4
258.8,422.5
258.8,422.7
258.8,423.1
258.8,423.2
258.8,423.4
258.9,423.6
258.9,423.7
258.9,424.2
258.9,424.5
259,425.2
259,425.6
259,425.7
259.1,425.7
259.1,425.8
259.1,425.9
259.1,426
259.1,426.1
259.2,426.1
259.2,426.2
259.2,426.3
259.4,426.6
259.4,426.7
259.5,426.7
259.6,427
259.9,427.4
260,427.4
260.2,427.8
260.3,427.8
260.3,427.9
260.5,428.2
260.6,428.3
260.8,428.5
260.9,428.6
261,428.8
261.2,429.1
261.6,429.6
261.7,429.8
261.7,429.9
261.8,429.9
261.8,430
261.9,430
261.9,430.1
262.1,430.3
262.1,430.4
262.2,430.4
262.2,430.5
262.4,430.8
262.5,430.9
262.6,431
262.7,431.2
262.8,431.4
262.9,431.4
263.4,432.1
263.6,432.4
263.8,432.6
264.2,433.2
264.3,433.4
264.5,433.7
264.5,433.8
264.4,433.8
264.5,433.8
264.4,433.9
264.2,434.4
264.2,434.5
264.1,434.7
264,434.8
263.8,435.4
263.7,435.7
263.6,435.9
263.5,436
263.5,436.1
263.5,436.2
263.5,436.3
263.5,436.4
263.5,436.5
263.5,436.6
263.5,436.7
263.5,436.8
263.5,436.9
263.5,437
263.5,437.7
263.5,437.8
263.5,437.9
263.6,438.1
263.6,438.7
263.7,438.9
263.7,439.4
263.7,439.6
263.8,440.2
263.8,440.3
263.8,440.4
263.8,440.6
263.9,441.2
264,442.1
264,442.7
264,442.8
264,442.9
264,443
264,443.1
264,443.2
263.9,443.6
263.8,443.9
263.8,444.1
263.7,444.5
263.7,444.7
263.6,445.2
263.4,446
263.4,446.1
263.3,446.4
263.3,446.7
263.2,446.8
263.2,447.2
263.1,447.4
263.1,447.6
263.1,447.7
263,447.8
263,447.9
262.9,448.5
262.8,449.2
262.8,449.4
262.7,449.9
262.7,450
262.8,450.1
262.9,450.1
262.9,450.2
262.9,450.3
262.9,450.4
263,450.5
263,450.6
263.1,450.7
263.1,450.8
263.2,450.8
263.2,450.9
263.2,451
263.3,451
263.3,451.1
263.4,451.2
263.5,451.3
263.5,451.4
263.6,451.5
263.7,451.7
263.8,451.9
263.8,452
264.1,452.3
264.1,452.4
264.2,452.6
264.3,452.7
264.3,452.8
264.4,452.8
264.7,453.4
264.9,453.7
265.2,454.3
265.3,454.3
265.4,454.6
265.5,454.6
265.6,454.9
265.7,455
265.8,455.3
265.9,455.3
265.9,455.4
266,455.5
266.1,455.5
266.1,455.6
266.2,455.6
266.3,455.6
266.4,455.6
266.5,455.6
266.6,455.7
266.6,455.8
266.7,455.8
266.7,455.9
266.7,456
266.7,456.1
266.7,456.2
266.7,456.3
266.7,456.4
266.8,456.4
266.9,456.4
266.9,456.5
267,456.5
267,456.6
267.1,456.6
267.1,456.7
267.2,456.7
267.2,456.8
267.3,456.9
267.3,457
267.4,457
267.4,457.1
267.4,457.2
267.5,457.2
267.6,457.3
267.6,457.4
267.7,457.5
267.8,457.5
267.8,457.6
267.9,457.6
267.9,457.7
267.9,457.8
267.9,457.9
267.9,458
268,458
267.9,458.1
267.9,458.2
267.9,458.3
267.8,458.4
267.7,458.4
267.7,458.5
267.7,458.6
267.7,458.7
267.7,458.8
267.6,458.8
267.6,458.9
267.5,458.9
267.5,459
267.4,459
267.4,458.9
267.3,458.9
267.2,458.9
267.2,459
267.2,459.1
267.2,459.3
267.2,459.4
267.2,459.5
267.1,459.5
267.1,459.6
267,459.7
267,459.8
266.9,459.8
266.9,459.9
266.8,460
266.8,460.1
266.7,460.1
266.7,460.2
266.6,460.3
266.5,460.4
266.5,460.5
266.5,460.6
266.6,460.6
266.6,460.7
266.7,460.8
266.6,460.8
266.6,460.9
266.6,461
266.6,461.1
266.6,461.2
266.6,461.3
266.6,461.4
266.5,461.4
266.4,461.4
266.3,461.5
266.2,461.6
266.1,461.6
266.1,461.7
266.2,461.7
266.1,461.7
266.1,461.8
266,461.8
266,461.9
266.1,461.9
266,462
266,462.1
265.9,462.1
265.9,462.2
265.9,462.3
265.8,462.4
265.8,462.5
265.8,462.6
265.8,462.7
265.8,462.8
265.8,462.9
265.8,463
265.7,463
265.7,463.1
265.6,463.2
265.6,463.3
265.6,463.4
265.7,463.4
265.7,463.5
265.7,463.6
265.6,463.7
265.7,463.8
265.7,463.9
265.6,463.9
265.5,464
265.5,464.1
265.4,464.1
265.3,464.2
265.3,464.3
265.2,464.3
265.2,464.4
265.2,464.5
265.2,464.6
265.1,464.7
265.1,464.8
265.1,464.9
265.1,465
265.1,465.1
265,465.1
264.9,465.1
264.9,465.2
264.9,465.3
264.8,465.3
264.8,465.4
264.8,465.5
264.8,465.6
264.8,465.7
264.8,465.8
264.8,465.9
264.8,466
264.9,466
264.9,466.1
264.9,466.2
264.9,466.3
264.9,466.4
264.9,466.5
264.8,466.5
264.7,466.5
264.7,466.6
264.7,466.7
264.8,466.7
264.8,466.8
264.8,466.9
264.7,466.9
264.7,467
264.7,467.1
264.7,467.2
264.7,467.3
264.7,467.4
264.7,467.5
264.8,467.5
264.8,467.6
264.9,467.7
264.9,467.8
264.9,467.9
264.9,468
264.9,468.1
264.9,468.2
264.9,468.3
264.9,468.4
264.9,468.5
265,468.5
265,468.6
265.1,468.7
265.1,468.8
265.2,468.9
265.2,469
265.2,469.1
265.3,469.1
265.3,469.2
265.3,469.3
265.3,469.4
265.3,469.5
265.3,469.6
265.3,469.7
265.3,469.9
265.3,470
265.3,470.1
265.3,470.2
265.3,470.3
265.3,470.4
265.3,470.5
265.2,470.6
265.2,470.7
265.1,470.7
265.1,470.8
265.2,470.9
265.2,471
265.2,471.1
265.2,471.2
265.2,471.3
265.2,471.4
265.2,471.5
265.3,471.5
265.3,471.4
265.4,471.4
265.5,471.4
265.5,471.5
265.5,471.6
265.5,471.7
265.4,471.7
265.4,471.8
265.3,471.8
265.3,471.9
265.2,472
265.1,472
265.1,472.1
265,472.1
264.9,472.1
264.8,472.1
264.7,472.1
264.7,472.2
264.6,472.2
264.6,472.3
264.5,472.3
264.5,472.4
264.4,472.4
264.4,472.5
264.3,472.6
264.4,472.7
264.3,472.8
264.3,472.9
264.3,473
264.3,473.1
264.4,473.1
264.3,473.2
264.3,473.3
264.2,473.3
264.2,473.4
264.1,473.5
264.1,473.6
264,473.6
264,473.7
263.9,473.7
263.9,473.8
263.8,473.8
263.8,473.9
263.8,474
263.7,474
263.6,474.1
263.5,474.1
263.5,474.2
263.4,474.3
263.3,474.4
263.3,474.5
263.2,474.5
263.1,474.5
263,474.5
262.9,474.5
262.8,474.5
262.7,474.5
262.7,474.4
262.6,474.4
262.5,474.4
262.4,474.4
262.4,474.5
262.3,474.5
262.2,474.5
262.1,474.5
262.1,474.6
262,474.6
262,474.7
262,474.8
262,474.9
261.9,474.9
261.9,475
261.8,475
261.8,475.1
261.7,475.1
261.7,475.2
261.6,475.2
261.5,475.2
261.4,475.2
261.3,475.2
261.3,475.3
261.3,475.4
261.3,475.5
261.2,475.5
261.2,475.6
261.2,475.7
261.2,475.8
261.2,475.9
261.1,475.9
261,475.9
260.9,475.9
260.9,475.8
260.8,475.8
260.8,475.9
260.7,475.9
260.6,475.9
260.5,475.9
260.5,476
260.4,476
260.3,476
260.3,475.9
260.3,475.8
260.3,475.7
260.3,475.6
260.2,475.6
260.2,475.5
260.1,475.5
260.1,475.4
260,475.4
259.9,475.4
259.8,475.4
259.7,475.4
259.6,475.4
259.5,475.4
259.4,475.4
259.4,475.3
259.3,475.3
259.2,475.3
259.2,475.2
259.1,475.2
259,475.2
258.9,475.1
258.8,475.1
258.8,475
258.7,474.9
258.6,474.9
258.6,474.8
258.5,474.7
258.5,474.6
258.5,474.5
258.4,474.5
258.4,474.4
258.3,474.4
258.2,474.3
258.1,474.3
258,474.3
257.9,474.2
257.8,474.2
257.7,474.1
257.6,474
257.5,474
257.5,473.9
257.4,474
257.3,474
257.2,474
257.1,474
257.1,474.1
257,474.1
257,474.2
256.9,474.2
256.8,474.3
256.7,474.3
256.7,474.4
256.6,474.4
256.5,474.4
256.4,474.4
256.3,474.4
256.2,474.5
256.2,474.6
256.1,474.6
256.1,474.7
256,474.7
256,474.8
256,474.9
256,475
256,475.1
256,475.2
256,475.3
256,475.4
256,475.5
255.9,475.5
255.9,475.6
255.8,475.6
255.8,475.7
255.7,475.7
255.7,475.8
255.6,475.9
255.6,476
255.5,476
255.5,476.1
255.4,476.1
255.3,476.2
255.2,476.2
255.1,476.2
255.1,476.3
255,476.3
254.9,476.4
254.9,476.5
254.9,476.6
254.8,476.6
254.8,476.7
254.7,476.7
254.5,476.7
254.5,476.8
254.5,476.9
254.5,477
254.4,477
254.4,477.1
254.3,477.1
254.2,477.2
254.1,477.2
254,477.2
253.9,477.2
253.8,477.2
253.7,477.2
253.6,477.1
253.5,477.1
253.4,477.1
253.4,477
253.3,477
253.3,476.9
253.2,476.9
253.2,476.8
253.2,476.7
253.1,476.7
253,476.7
252.9,476.7
252.8,476.7
252.7,476.6
252.7,476.7
252.6,476.7
252.5,476.7
252.5,476.6
252.4,476.6
252.4,476.5
252.3,476.5
252.2,476.5
252.1,476.5
252,476.5
251.9,476.5
251.9,476.6
251.8,476.6
251.7,476.6
251.6,476.6
251.5,476.6
251.5,476.5
251.4,476.5
251.3,476.4
251.2,476.5
251.1,476.5
251,476.6
250.9,476.6
250.8,476.7
250.7,476.7
250.7,476.6
250.6,476.6
250.6,476.7
250.5,476.7
250.4,476.7
250.4,476.8
250.3,476.8
250.3,476.9
250.2,476.9
250.2,477
250.1,477.1
250,477.2
250,477.3
249.9,477.3
249.8,477.3
249.8,477.4
249.7,477.4
249.6,477.4
249.6,477.5
249.5,477.5
249.4,477.5
249.3,477.5
249.3,477.6
249.2,477.6
249.1,477.6
249,477.6
249,477.5
249,477.4
248.9,477.4
248.8,477.3
248.7,477.3
248.6,477.3
248.5,477.3
248.4,477.2
248.3,477.2
248.2,477.2
248.1,477.1
248,477.1
247.9,477.1
247.8,477.2
247.7,477.2
247.6,477.2
247.5,477.2
247.4,477.1
247.3,477.1
247.3,477
247.2,476.9
247.2,476.8
247.1,476.8
247.1,476.7
247,476.7
246.9,476.7
246.8,476.7
246.7,476.7
246.6,476.7
246.5,476.7
246.4,476.7
246.3,476.7
246.2,476.7
246.1,476.7
246.1,476.6
246,476.6
245.9,476.6
245.9,476.5
245.8,476.5
245.7,476.5
245.7,476.4
245.6,476.3
245.6,476.2
245.7,476.1
245.7,476
245.6,476
245.6,475.9
245.6,475.8
245.5,475.8
245.4,475.7
245.3,475.7
245.2,475.6
245.1,475.6
245.1,475.5
245,475.4
245,475.3
244.9,475.3
244.9,475.2
244.8,475.2
244.8,475.1
244.7,475.1
244.7,475.2
244.7,475.1
244.6,475.2
244.6,475.1
244.5,475.1
244.5,475
244.5,474.9
244.4,474.9
244.4,474.8
244.4,474.7
244.4,474.6
244.3,474.5
244.2,474.5
244.1,474.5
244.1,474.6
244,474.6
243.9,474.6
243.8,474.6
243.7,474.6
243.6,474.6
243.5,474.6
243.5,474.5
243.4,474.5
243.4,474.4
243.4,474.3
243.3,474.3
243.4,474.2
243.4,474.1
243.4,474
243.4,473.9
243.4,473.8
243.4,473.7
243.4,473.6
243.3,473.6
243.2,473.6
243.1,473.6
243.1,473.5
243,473.5
242.9,473.5
242.8,473.4
242.8,473.3
242.7,473.2
242.7,473.1
242.8,473.1
242.8,473
242.9,472.9
242.8,472.9
242.8,472.8
242.8,472.7
242.8,472.6
242.8,472.5
242.8,472.4
242.9,472.4
242.9,472.3
243,472.3
243,472.2
243,472.1
243,472
242.9,472
242.9,471.9
242.8,471.9
242.8,471.8
242.7,471.8
242.6,471.8
242.5,471.8
242.4,471.8
242.3,471.8
242.2,471.8
242.2,471.9
242.1,471.9
242.1,472
242,472
241.9,472
241.8,472.1
241.8,472.2
241.7,472.3
241.7,472.4
241.6,472.4
241.5,472.4
241.4,472.4
241.3,472.4
241.2,472.4
241.1,472.4
241.1,472.3
241,472.3
241,472.2
240.9,472.2
240.8,472.2
240.7,472.2
240.6,472.2
240.6,472.1
240.6,472
240.5,472
240.5,471.9
240.4,471.9
240.3,471.8
240.3,471.7
240.2,471.6
240.2,471.5
240.1,471.5
240.1,471.4
240,471.4
239.9,471.3
239.9,471.4
239.8,471.4
239.7,471.4
239.6,471.4
239.5,471.4
239.4,471.4
239.4,471.5
239.3,471.5
239.2,471.5
239.1,471.5
239,471.5
238.9,471.5
238.9,471.6
238.8,471.7
238.7,471.8
238.7,471.9
238.6,471.9
238.6,472
238.6,472.1
238.5,472.1
238.4,472.1
238.4,472.2
238.3,472.2
238.3,472.3
238.3,472.4
238.3,472.5
238.2,472.5
238.2,472.6
238.3,472.6
238.3,472.7
238.2,472.7
238.2,472.8
238.2,472.9
238.1,473
238.1,473.1
238,473.1
238,473.2
237.9,473.3
237.9,473.4
238,473.4
238,473.5
238,473.6
238,473.7
238,473.8
238,473.9
237.9,473.9
237.8,473.9
237.7,473.9
237.6,474
237.5,474
237.4,474
237.3,474
237.2,474
237.2,474.1
237.1,474.1
237,474.1
236.9,474.1
236.8,474.1
236.8,474.2
236.7,474.2
236.6,474.2
236.5,474.2
236.4,474.2
236.4,474.3
236.3,474.3
236.2,474.3
236.1,474.3
236,474.3
235.9,474.4
235.8,474.4
235.7,474.4
235.6,474.4
235.5,474.5
235.4,474.5
235.3,474.5
235.2,474.5
234.8,474.6
234.7,474.7
234.3,474.7
234.1,474.8
233.8,474.9
233.7,474.9
233.6,474.9
233.5,474.9
233.4,474.9
233.4,475
233.3,475
233.2,475
233.1,475
233,475
232.9,475
232.8,475
232.7,475
232.6,475
232.4,475
232.3,475
232.2,475
232.1,475
232,475
231.9,475
231.8,475
231.7,474.9
231.6,474.9
231.5,474.9
231.4,474.9
231.3,474.9
231.2,474.9
231.1,474.9
231,474.9
230.9,474.8
230.9,474.7
230.8,474.6
230.8,474.5
230.8,474.4
230.7,474.4
230.7,474.3
230.6,474.3
230.6,474.2
230.5,474.2
230.5,474.1
230.4,474.1
230.4,474.2
230.3,474.2
230.2,474.2
230.1,474.2
230.1,474.3
230,474.3
229.9,474.4
229.8,474.5
229.7,474.5
229.7,474.6
229.6,474.6
229.5,474.6
229.5,474.7
229.4,474.7
229.3,474.7
229.2,474.7
229.1,474.7
229,474.8
228.9,474.8
228.9,474.9
228.9,475
228.9,475.1
228.9,475.2
228.8,475.2
228.8,475.3
228.8,475.4
228.7,475.5
228.6,475.5
228.5,475.6
228.4,475.6
228.4,475.7
228.3,475.7
228.2,475.7
228.1,475.7
228.1,475.8
228,475.8
227.9,475.9
227.9,476
227.9,476.1
228,476.2
228,476.3
228,476.4
227.9,476.4
227.9,476.5
227.9,476.6
227.9,476.7
227.9,476.8
227.8,476.8
227.9,476.9
227.8,476.9
227.8,477
227.7,477.2
227.7,477.3
227.6,477.4
227.6,477.5
227.5,477.5
227.5,477.6
227.4,477.6
227.4,477.7
227.3,477.7
227.3,477.8
227.3,477.9
227.2,477.9
227.2,478
227.1,478
227.1,478.1
227,478.1
226.9,478.1
226.9,478.2
226.8,478.1
226.7,478.1
226.6,478
226.5,478
226.4,478
226.2,477.9
226.1,477.9
226,478
225.9,478
225.8,478.1
225.7,478.1
225.6,478.2
225.5,478.2
225.4,478.2
225.3,478.3
225.2,478.3
225.1,478.3
225,478.3
224.9,478.3
224.9,478.4
224.8,478.4
224.7,478.5
224.6,478.5
224.5,478.5
224.5,478.6
224.4,478.6
224.3,478.6
224.2,478.6
224.1,478.6
224,478.6
223.9,478.6
223.8,478.5
223.7,478.5
223.6,478.5
223.6,478.4
223.5,478.4
223.4,478.3
223.3,478.3
223.3,478.2
223.1,478.2
223.1,478.1
223,478.1
223,478
222.9,478
222.8,477.9
222.7,477.9
222.6,477.8
222.5,477.8
222.4,477.8
222.2,477.8
222.2,477.7
222.1,477.7
222,477.7
221.9,477.5
221.8,477.5
221.7,477.4
221.6,477.3
221.5,477.2
221.4,477
221.2,476.9
221,476.7
220.9,476.5
220.8,476.5
220.7,476.4
220.6,476.4
220.6,476.3
220.4,476.2
220.3,476.1
220.2,476.1
220.2,476
220.1,475.9
220.1,475.8
220.1,475.7
220,475.6
220,475.5
219.9,475.4
219.9,475.3
219.9,475.2
219.8,475.1
219.7,474.9
219.6,474.8
219.5,474.7
219.5,474.6
219.4,474.5
219.3,474.4
219.3,474.3
219.2,474.2
219.1,474.1
219.1,474
219,474
218.9,473.9
218.8,473.9
218.8,473.8
218.7,473.8
218.7,473.7
218.6,473.7
218.5,473.6
218.4,473.5
218.3,473.5
218.2,473.5
218.2,473.4
218.1,473.4
218,473.4
218,473.3
217.9,473.3
217.8,473.3
217.7,473.2
217.6,473.2
217.5,473.2
217.4,473.2
217.3,473.2
217.2,473.2
217.1,473.3
217,473.3
216.9,473.3
216.8,473.3
216.7,473.3
216.6,473.2
216.5,473.2
216.4,473.2
216.3,473.2
216.3,473.1
216.2,473.1
216.1,473.1
216,473
215.8,472.9
215.7,472.8
215.6,472.8
215.5,472.7
215.4,472.7
215.3,472.7
215.2,472.6
215.1,472.6
215,472.6
214.9,472.5
214.8,472.5
214.7,472.5
214.7,472.4
214.6,472.4
214.5,472.4
214.5,472.3
214.4,472.3
214.3,472.3
214.3,472.2
214.3,472.3
214.2,472.3
214.2,472.4
214.1,472.4
214.1,472.5
214.1,472.6
214.1,472.7
214.1,472.8
214.1,472.9
214.1,473
214.1,473.1
214.2,473.2
214.2,473.3
214.2,473.4
214.2,473.5
214.1,473.6
214,473.6
214,473.7
214,473.8
213.9,473.8
213.9,473.9
213.8,473.9
213.8,474
213.7,474
213.7,474.1
213.7,474.2
213.6,474.2
213.6,474.3
213.5,474.3
213.5,474.4
213.4,474.5
213.4,474.6
213.5,474.6
213.4,474.7
213.4,474.8
213.4,474.9
213.5,474.9
213.6,475
213.6,475.1
213.7,475.1
213.7,475.2
213.8,475.2
213.8,475.3
213.8,475.4
213.9,475.4
213.9,475.5
213.9,475.6
213.9,475.7
214,475.7
214,475.8
214,475.9
214.1,475.9
214,475.9
214.1,476
214.1,476.1
214.1,476.2
214,476.2
214.1,476.2
214.1,476.3
214.1,476.4
214.2,476.5
214.2,476.6
214.3,476.7
214.3,476.8
214.3,476.9
214.4,476.9
214.4,477
214.4,477.1
214.5,477.2
214.5,477.3
214.4,477.3
214.4,477.4
214.4,477.5
214.4,477.6
214.4,477.7
214.5,477.7
214.5,477.8
214.4,477.8
214.4,477.9
214.4,478
214.4,478.1
214.5,478.1
214.5,478.2
214.5,478.3
214.5,478.4
214.5,478.5
214.5,478.6
214.6,478.6
214.6,478.7
214.6,478.8
214.7,478.8
214.7,478.9
214.7,479
214.8,479
214.8,479.1
214.7,479.2
214.7,479.3
214.7,479.4
214.8,479.4
214.8,479.5
214.8,479.6
214.8,479.7
214.9,479.8
214.9,479.9
214.9,480
214.8,480.1
214.8,480.2
214.8,480.3
214.8,480.4
214.7,480.4
214.7,480.5
214.8,480.5
214.8,480.6
214.8,480.7
214.8,480.8
214.8,480.9
214.8,481
214.8,481.1
214.8,481.2
214.8,481.3
214.7,481.4
214.6,481.4
214.6,481.5
214.5,481.6
214.4,481.5
214.3,481.5
214.3,481.6
214.2,481.6
214.1,481.6
214,481.6
214,481.7
213.9,481.7
213.9,481.8
213.8,481.8
213.8,481.9
213.7,482
213.6,482
213.5,482
213.4,482
213.4,482.1
213.4,482.2
213.3,482.2
213.3,482.3
213.2,482.4
213.2,482.5
213.2,482.6
213.1,482.7
213.1,482.8
213.1,482.9
213.1,483
213.1,483.1
213.1,483.2
213,483.2
213,483.3
212.9,483.3
212.9,483.4
212.9,483.5
213,483.5
212.9,483.6
213,483.6
212.9,483.6
212.9,483.7
212.9,483.8
212.9,483.9
212.9,484
212.9,484.1
212.8,484.1
212.8,484.2
212.8,484.3
212.7,484.3
212.7,484.4
212.6,484.4
212.6,484.5
212.6,484.6
212.6,484.7
212.6,484.8
212.5,484.8
212.4,484.9
212.4,485
212.3,485.1
212.3,485.2
212.2,485.3
212.1,485.4
212.1,485.5
212.1,485.6
212.2,485.6
212.2,485.7
212.2,485.8
212.2,485.9
212.2,486
212.3,486
212.3,486.1
212.3,486.2
212.4,486.3
212.4,486.4
212.4,486.5
212.4,486.6
212.5,486.6
212.5,486.7
212.6,486.7
212.6,486.8
212.6,486.9
212.7,486.9
212.7,487
212.7,487.1
212.7,487.2
212.7,487.3
212.7,487.4
212.7,487.5
212.7,487.6
212.7,487.7
212.7,487.8
212.7,487.9
212.7,488
212.7,488.1
212.7,488.2
212.7,488.3
212.7,488.4
212.7,488.5
212.7,488.6
212.7,488.7
212.7,488.8
212.6,488.8
212.7,488.8
212.7,488.9
212.7,489
212.6,489.1
212.7,489.1
212.7,489.2
212.6,489.2
212.6,489.3
212.6,489.4
212.6,489.5
212.6,489.6
212.5,489.6
212.5,489.7
212.6,489.7
212.6,489.8
212.6,489.9
212.7,489.9
212.8,489.9
212.9,490
212.9,490.1
213,490.1
213,490.2
213,490.3
213,490.4
212.9,490.4
212.9,490.5
212.9,490.6
212.9,490.7
212.8,490.8
212.8,490.9
212.7,490.9
212.7,491
212.6,491.1
212.6,491.2
212.6,491.3
212.6,491.4
212.7,491.4
212.7,491.5
212.6,491.5
212.6,491.6
212.6,491.7
212.6,491.8
212.5,491.9
212.5,492
212.5,492.1
212.5,492.2
212.4,492.3
212.4,492.4
212.4,492.5
212.4,492.6
212.3,492.6
212.3,492.7
212.3,492.8
212.3,492.9
212.2,492.9
212.2,493
212.1,493
212.1,493.1
212,493.2
212,493.3
212,493.4
212,493.5
212,493.6
212,493.7
211.9,493.8
211.8,493.8
211.8,493.9
211.7,494
211.6,494
211.6,494.1
211.6,494.2
211.6,494.3
211.5,494.3
211.5,494.4
211.5,494.5
211.4,494.5
211.3,494.5
211.3,494.6
211.2,494.6
211.2,494.7
211.1,494.7
211.1,494.8
211.1,494.9
211,494.9
211.1,495
211,495
211,495.1
210.9,495.2
210.9,495.3
210.8,495.3
210.7,495.4
210.7,495.5
210.6,495.5
210.6,495.6
210.5,495.7
210.6,495.7
210.6,495.8
210.6,495.9
210.5,495.9
210.5,496
210.5,496.1
210.4,496.1
210.5,496.1
210.6,496.2
210.5,496.3
210.4,496.3
210.4,496.4
210.3,496.5
210.2,496.4
210.1,496.5
210,496.5
209.9,496.5
209.9,496.6
209.8,496.6
209.8,496.5
209.7,496.5
209.7,496.6
209.7,496.7
209.8,496.7
209.8,496.8
209.8,496.9
209.7,496.9
209.7,497
209.6,497
209.5,497
209.5,497.1
209.4,497.1
209.3,497.1
209.2,497.1
209.1,497
209,497
208.9,497
208.8,497
208.8,497.1
208.7,497.1
208.7,497.2
208.6,497.2
208.5,497.2
208.4,497.2
208.3,497.2
208.3,497.3
208.2,497.4
208.1,497.4
208,497.4
207.9,497.5
207.8,497.5
207.7,497.5
207.6,497.5
207.6,497.6
207.5,497.6
207.5,497.5
207.4,497.5
207.4,497.6
207.4,497.7
207.3,497.7
207.3,497.8
207.2,497.8
207.1,497.8
207.1,497.9
207.1,498
207,498
207,498.1
207.1,498.1
207.1,498.2
207,498.2
206.9,498.2
206.9,498.1
206.8,498.1
206.8,498
206.7,498
206.7,497.9
206.6,497.9
206.5,497.9
206.4,497.9
206.3,497.9
206.3,497.8
206.2,497.8
206.1,497.9
206.1,497.8
206,497.8
206,497.7
205.9,497.7
205.9,497.6
205.8,497.6
205.8,497.5
205.8,497.4
205.7,497.3
205.7,497.2
205.6,497.2
205.6,497.1
205.6,497
205.5,497
205.4,497
205.3,496.9
205.3,497
205.3,496.9
205.2,496.9
205.1,496.9
205,496.9
204.9,496.9
204.9,497
204.8,497
204.8,497.1
204.7,497.1
204.6,497.2
204.6,497.3
204.5,497.3
204.4,497.3
204.3,497.3
204.2,497.3
204.1,497.3
204,497.3
203.9,497.3
203.9,497.4
203.8,497.4
203.7,497.4
203.7,497.3
203.6,497.3
203.5,497.4
203.5,497.5
203.5,497.6
203.4,497.6
203.4,497.7
203.4,497.8
203.5,497.8
203.5,497.9
203.5,498
203.4,498
203.4,498.1
203.3,498.2
203.2,498.3
203.2,498.4
203.2,498.5
203.2,498.6
203.2,498.7
203.2,498.8
203.2,498.9
203.1,499
203.1,499.1
203,499.1
203,499.2
202.9,499.3
202.9,499.4
202.9,499.5
202.8,499.6
202.7,499.7
202.7,499.8
202.6,499.8
202.6,499.9
202.5,499.9
202.4,499.9
202.3,499.9
202.3,499.8
202.2,499.8
202.1,499.7
202,499.7
202,499.8
201.9,499.8
201.8,499.9
201.7,499.9
201.6,499.9
201.5,499.9
201.4,499.9
201.3,499.9
201.2,499.9
201.2,500
201.1,500
201.1,500.1
201.1,500.2
201,500.2
201,500.1
200.9,500.2
200.9,500.3
200.8,500.3
200.8,500.2
200.7,500.2
200.6,500.2
200.6,500.3
200.5,500.3
200.5,500.2
200.4,500.2
200.3,500.2
200.3,500.3
200.2,500.3
200.1,500.3
200,500.3
200,500.4
199.9,500.4
199.9,500.3
199.9,500.2
199.8,500.2
199.7,500.1
199.7,500
199.8,500
199.8,499.9
199.7,499.9
199.6,499.9
199.5,499.9
199.5,499.8
199.4,499.8
199.4,499.7
199.3,499.7
199.2,499.7
199.2,499.8
199.1,499.8
199.1,499.7
199,499.7
199,499.6
198.9,499.7
198.9,499.6
198.8,499.5
198.8,499.4
198.7,499.4
198.7,499.3
198.6,499.3
198.5,499.3
198.4,499.3
198.3,499.3
198.3,499.2
198.2,499.2
198.1,499.1
198.1,499
198.1,499.1
198,499
198,498.9
197.9,498.9
197.8,498.9
197.8,498.8
197.7,498.8
197.6,498.8
197.5,498.8
197.4,498.8
197.4,498.7
197.4,498.6
197.3,498.6
197.2,498.6
197.1,498.6
197,498.6
196.9,498.6
196.8,498.6
196.7,498.6
196.6,498.6
196.6,498.5
196.5,498.5
196.5,498.6
196.4,498.6
196.3,498.6
196.2,498.6
196.1,498.6
196,498.7
195.9,498.8
195.9,498.9
195.8,498.9
195.8,499
195.7,499
195.7,499.1
195.7,499.2
195.7,499.3
195.6,499.3
195.6,499.4
195.5,499.4
195.5,499.5
195.4,499.5
195.3,499.5
195.3,499.6
195.2,499.6
195.1,499.6
195,499.6
194.9,499.7
194.9,499.6
194.9,499.7
194.8,499.7
194.8,499.8
194.7,499.8
194.6,499.8
194.6,499.9
194.5,499.9
194.4,499.9
194.3,499.9
194.3,499.8
194.3,499.7
194.2,499.7
194.1,499.7
194.1,499.6
194,499.7
193.9,499.7
193.8,499.7
193.7,499.7
193.7,499.6
193.6,499.7
193.5,499.7
193.4,499.7
193.3,499.7
193.2,499.7
193.2,499.6
193.2,499.5
193.2,499.4
193.1,499.4
193.1,499.5
193,499.5
192.9,499.5
192.9,499.6
192.8,499.5
192.8,499.6
192.7,499.6
192.6,499.6
192.6,499.7
192.5,499.7
192.5,499.8
192.4,499.8
192.4,499.9
192.3,499.9
192.2,499.9
192.1,499.9
192,499.9
191.9,499.9
191.8,499.9
191.8,500
191.7,500
191.6,500
191.5,500.1
191.4,500.1
191.3,500.1
191.3,500.2
191.2,500.2
191.1,500.2
191.1,500.3
191,500.3
190.9,500.3
190.8,500.3
190.7,500.3
190.7,500.2
190.6,500.2
190.5,500.3
190.5,500.4
190.5,500.5
190.6,500.6
190.6,500.7
190.6,500.8
190.5,500.9
190.6,500.9
190.5,501
190.5,500.9
190.4,500.9
190.3,500.9
190.2,500.8
190.2,500.9
190.1,500.9
190.1,500.8
190,500.8
189.9,500.8
189.8,500.8
189.8,500.9
189.7,500.9
189.6,500.9
189.5,500.9
189.5,501
189.4,501
189.3,501
189.3,500.9
189.2,500.9
189.1,500.9
189,500.9
189,500.8
188.9,500.8
188.9,500.7
188.8,500.7
188.8,500.6
188.7,500.6
188.6,500.5
188.6,500.6
188.6,500.5
188.5,500.5
188.5,500.4
188.4,500.4
188.5,500.3
188.4,500.3
188.3,500.3
188.3,500.2
188.2,500.1
188.1,500
188,500
188,499.9
187.9,499.9
187.8,499.9
187.8,499.8
187.7,499.8
187.6,499.8
187.6,499.7
187.5,499.7
187.5,499.6
187.4,499.6
187.4,499.5
187.3,499.5
187.3,499.4
187.2,499.4
187.1,499.4
187.1,499.5
187,499.5
186.9,499.6
186.8,499.6
186.8,499.7
186.8,499.8
186.7,499.7
186.6,499.7
186.6,499.8
186.5,499.8
186.4,499.7
186.3,499.7
186.2,499.8
186.1,499.8
186,499.8
185.9,499.8
185.9,499.7
185.8,499.7
185.8,499.6
185.7,499.6
185.6,499.5
185.6,499.4
185.6,499.3
185.5,499.3
185.4,499.3
185.3,499.3
185.2,499.3
185.2,499.2
185.1,499.2
185,499.2
184.9,499.2
184.8,499.2
184.7,499.2
184.6,499.2
184.6,499.1
184.5,499.1
184.5,499.2
184.4,499.2
184.4,499.3
184.3,499.3
184.2,499.3
184.2,499.4
184.2,499.5
184.1,499.5
184,499.6
183.9,499.6
183.8,499.6
183.7,499.7
183.6,499.7
183.5,499.8
183.4,499.8
183.4,499.9
183.3,499.9
183.3,500
183.2,500
183.1,500
183.1,500.1
183,500.1
182.9,500.1
182.9,500.2
182.9,500.1
182.8,500.1
182.7,500.2
182.7,500.3
182.6,500.3
182.5,500.3
182.5,500.4
182.4,500.4
182.4,500.5
182.3,500.5
182.3,500.4
182.2,500.4
182.1,500.4
182.1,500.3
182.1,500.2
182,500.2
182,500.3
181.9,500.3
181.8,500.3
181.7,500.4
181.6,500.4
181.6,500.5
181.5,500.5
181.5,500.6
181.4,500.6
181.4,500.7
181.4,500.8
181.3,500.8
181.3,500.9
181.3,501
181.2,501
181.2,501.1
181.1,501.1
181,501.2
181.1,501.2
181.1,501.3
181.1,501.4
181,501.4
180.9,501.4
180.8,501.4
180.8,501.5
180.7,501.5
180.6,501.5
180.6,501.4
180.6,501.3
180.6,501.2
180.5,501.2
180.5,501.1
180.4,501.1
180.3,501.1
180.2,501.1
180.2,501
180.3,500.9
180.3,500.8
180.3,500.7
180.2,500.7
180.1,500.6
180.1,500.5
180.2,500.5
180.2,500.4
180.2,500.3
180.1,500.3
180.1,500.2
180.1,500.1
180,500
180,499.9
179.9,499.9
179.9,499.8
179.9,499.7
179.8,499.7
179.8,499.6
179.7,499.6
179.6,499.5
179.6,499.4
179.7,499.4
179.7,499.3
179.6,499.3
179.6,499.2
179.6,499.1
179.7,499.1
179.8,499.1
179.8,499
179.8,498.9
179.9,498.9
179.9,498.8
179.9,498.7
179.8,498.7
179.8,498.6
179.7,498.5
179.7,498.4
179.7,498.3
179.6,498.3
179.6,498.2
179.6,498.1
179.5,498.1
179.5,498
179.4,498
179.4,497.9
179.4,497.8
179.5,497.8
179.5,497.7
179.5,497.6
179.5,497.5
179.5,497.4
179.5,497.5
179.4,497.5
179.3,497.5
179.3,497.4
179.2,497.4
179.2,497.3
179.1,497.3
179,497.3
179,497.2
178.9,497.2
178.8,497.2
178.8,497.1
178.8,497
178.9,497
178.9,496.9
178.9,496.8
178.9,496.7
179,496.7
179,496.6
178.9,496.6
178.9,496.5
178.8,496.5
178.8,496.4
178.7,496.4
178.6,496.3
178.5,496.2
178.6,496.2
178.6,496.1
178.7,496
178.8,496
178.9,496
178.9,495.9
179,495.9
179.1,495.9
179.2,495.9
179.2,495.8
179.3,495.8
179.3,495.7
179.4,495.7
179.5,495.6
179.6,495.6
179.6,495.5
179.7,495.5
179.7,495.4
179.8,495.3
179.8,495.2
179.7,495.2
179.7,495.1
179.7,495
179.6,495
179.6,494.9
179.5,494.9
179.4,494.8
179.4,494.7
179.4,494.6
179.4,494.5
179.4,494.4
179.5,494.4
179.5,494.3
179.4,494.3
179.3,494.2
179.3,494.1
179.2,494
179.2,493.9
179.2,493.8
179.2,493.7
179.1,493.7
179.1,493.6
179,493.6
179,493.5
178.9,493.5
178.9,493.4
178.8,493.4
178.8,493.3
178.8,493.2
178.8,493.1
178.7,493.1
178.6,493.1
178.5,493.1
178.5,493.2
178.4,493.2
178.4,493.1
178.3,493.1
178.3,493
178.2,493
178.3,492.9
178.3,492.8
178.3,492.7
178.3,492.6
178.3,492.5
178.4,492.5
178.4,492.4
178.5,492.4
178.5,492.3
178.5,492.2
178.6,492.1
178.7,492.1
178.6,492
178.6,491.9
178.7,491.8
178.6,491.8
178.6,491.7
178.5,491.7
178.5,491.6
178.5,491.5
178.5,491.4
178.4,491.4
178.4,491.3
178.3,491.2
178.3,491.1
178.3,491
178.2,491
178.2,490.9
178.1,490.9
178,490.9
177.9,490.9
177.9,491
177.9,491.1
177.8,491.1
177.8,491
177.7,491
177.7,490.9
177.6,490.9
177.6,490.8
177.5,490.8
177.5,490.7
177.6,490.7
177.5,490.6
177.5,490.5
177.4,490.5
177.4,490.4
177.3,490.4
177.2,490.4
177.2,490.3
177.1,490.4
177,490.4
177,490.3
176.9,490.3
176.8,490.3
176.7,490.3
176.6,490.3
176.6,490.2
176.5,490.2
176.4,490.2
176.3,490.2
176.3,490.1
176.2,490.1
176.1,490
176.1,489.9
176,489.9
176,489.8
175.9,489.8
175.9,489.7
175.8,489.7
175.8,489.6
175.7,489.6
175.7,489.5
175.6,489.4
175.6,489.3
175.5,489.3
175.4,489.3
175.3,489.3
175.3,489.2
175.2,489.2
175.1,489.2
175,489.2
174.9,489.2
174.8,489.2
174.8,489.1
174.8,489
174.7,489
174.7,488.9
174.6,488.9
174.5,488.9
174.4,489
174.3,489
174.2,489.1
174.1,489.1
174,489.2
174,489.3
173.9,489.3
173.9,489.4
173.8,489.4
173.8,489.3
173.7,489.3
173.7,489.2
173.7,489.1
173.6,489.1
173.6,489.2
173.6,489.3
173.5,489.2
173.5,489.1
173.5,489.2
173.4,489.2
173.3,489.2
173.3,489.3
173.2,489.4
173.1,489.4
173.1,489.3
173,489.3
173,489.2
173,489.3
173,489.4
172.9,489.4
172.9,489.5
172.8,489.5
172.7,489.5
172.6,489.4
172.6,489.3
172.5,489.3
172.4,489.3
172.4,489.4
172.3,489.4
172.3,489.5
172.3,489.6
172.2,489.7
172.1,489.7
172.1,489.6
172,489.6
172,489.5
172.1,489.5
172.1,489.4
172,489.4
172,489.3
171.9,489.3
171.8,489.3
171.8,489.2
171.7,489.2
171.7,489.1
171.6,489.1
171.5,489.1
171.4,489.1
171.4,489
171.3,489
171.3,488.9
171.2,488.8
171.2,488.7
171.1,488.7
171.1,488.8
171,488.8
170.9,488.8
170.8,488.8
170.8,488.9
170.8,488.8
170.7,488.8
170.6,488.8
170.5,488.8
170.4,488.8
170.3,488.8
170.3,488.7
170.2,488.7
170.1,488.7
170.1,488.6
170.2,488.6
170.3,488.6
170.3,488.5
170.2,488.4
170.2,488.5
170.1,488.5
170.1,488.4
170.1,488.5
170,488.5
170,488.6
169.9,488.7
169.8,488.7
169.7,488.7
169.6,488.7
169.5,488.8
169.5,488.7
169.4,488.7
169.5,488.6
169.4,488.5
169.5,488.4
169.4,488.4
169.4,488.3
169.3,488.3
169.3,488.2
169.3,488.3
169.2,488.3
169.2,488.2
169.2,488.1
169.2,488
169.1,488
169,487.9
168.9,487.9
168.8,487.9
168.8,487.8
168.8,487.7
168.8,487.6
168.7,487.6
168.6,487.6
168.5,487.6
168.4,487.6
168.3,487.6
168.3,487.5
168.3,487.6
168.2,487.6
168.1,487.6
168.1,487.5
168.1,487.4
168,487.4
168.1,487.4
168.1,487.5
168,487.5
167.9,487.5
167.8,487.5
167.8,487.6
167.7,487.6
167.6,487.6
167.6,487.7
167.5,487.7
167.5,487.8
167.5,487.9
167.6,487.9
167.6,488
167.6,488.1
167.5,488.1
167.5,488.2
167.4,488.2
167.4,488.1
167.3,488.1
167.2,488.1
167.1,488.2
167.1,488.3
167,488.3
166.9,488.4
166.8,488.4
166.8,488.3
166.7,488.3
166.6,488.3
166.6,488.2
166.6,488.1
166.6,488
166.6,488.1
166.5,488.1
166.4,488
166.4,487.9
166.3,487.9
166.2,487.8
166.1,487.8
166.1,487.7
166.2,487.7
166.1,487.7
166,487.7
165.9,487.7
165.9,487.6
165.8,487.6
165.8,487.7
165.8,487.6
165.7,487.6
165.6,487.6
165.5,487.6
165.4,487.6
165.4,487.7
165.3,487.6
165.2,487.6
165.1,487.6
165.1,487.7
165,487.7
165,487.6
164.9,487.6
164.9,487.5
164.9,487.4
164.8,487.4
164.7,487.4
164.6,487.4
164.5,487.4
164.4,487.4
164.4,487.5
164.3,487.5
164.2,487.5
164.2,487.6
164.1,487.6
164.1,487.7
164,487.7
163.9,487.7
163.9,487.8
163.8,487.9
163.7,487.9
163.7,488
163.7,488.1
163.6,488.1
163.6,488
163.5,488
163.4,488
163.3,488
163.3,487.9
163.2,488
163.1,488
163.1,487.9
163.1,488
163.1,488.1
163,488.1
163,488.2
163,488.3
162.9,488.3
162.9,488.4
162.9,488.5
162.9,488.6
162.9,488.7
162.9,488.8
162.9,488.9
162.8,488.9
162.7,488.9
162.6,488.9
162.6,489
162.6,489.1
162.5,489.1
162.5,489.2
162.6,489.3
162.5,489.3
162.5,489.4
162.6,489.4
162.6,489.5
162.7,489.5
162.6,489.6
162.6,489.7
162.7,489.7
162.7,489.8
162.7,489.9
162.6,489.9
162.7,489.9
162.7,490
162.6,490.1
162.7,490.1
162.7,490.2
162.7,490.3
162.8,490.2
162.8,490.3
162.9,490.4
163,490.5
162.9,490.5
162.9,490.6
163,490.6
163.1,490.7
163,490.7
163,490.8
162.9,490.8
162.9,490.9
162.8,490.9
162.7,490.9
162.6,490.9
162.7,491
162.7,491.1
162.6,491.1
162.5,491.1
162.5,491.2
162.5,491.3
162.4,491.3
162.4,491.4
162.3,491.5
162.3,491.6
162.3,491.7
162.3,491.8
162.2,491.9
162.3,491.8
162.3,491.9
162.4,491.9
162.4,492
162.5,492.1
162.5,492.2
162.5,492.1
162.6,492.1
162.6,492.2
162.7,492.2
162.8,492.2
162.8,492.3
162.8,492.4
162.8,492.5
162.8,492.6
162.7,492.6
162.7,492.7
162.6,492.7
162.5,492.7
162.4,492.7
162.3,492.7
162.3,492.8
162.4,492.8
162.4,492.9
162.4,492.8
162.5,492.9
162.6,492.9
162.7,492.9
162.7,493
162.7,493.1
162.6,493.2
162.5,493.1
162.4,493.2
162.5,493.3
162.5,493.4
162.5,493.5
162.4,493.6
162.4,493.7
162.4,493.8
162.5,493.8
162.6,493.8
162.7,493.8
162.7,493.9
162.7,494
162.8,494
162.8,494.1
162.7,494.1
162.7,494.2
162.7,494.3
162.6,494.3
162.5,494.4
162.5,494.5
162.4,494.5
162.4,494.6
162.3,494.7
162.2,494.7
162.2,494.8
162.1,494.9
162.1,495
162,495
162,494.9
162,495
161.9,495
162,495
161.9,495
161.9,495.1
162,495.1
162,495.2
161.9,495.2
161.9,495.3
161.9,495.4
161.9,495.5
162,495.5
162,495.6
161.9,495.6
161.9,495.5
161.9,495.6
161.9,495.7
161.9,495.8
161.8,495.8
161.8,495.9
161.9,495.9
161.9,496
161.9,496.1
161.8,496.1
161.8,496
161.7,496
161.7,495.9
161.6,495.8
161.6,495.7
161.5,495.7
161.5,495.6
161.5,495.5
161.4,495.5
161.4,495.4
161.3,495.4
161.3,495.3
161.2,495.3
161.2,495.2
161.1,495.2
161.1,495.1
161,495.1
161,495
160.9,495
160.9,494.9
160.8,494.9
160.8,494.8
160.8,494.7
160.7,494.7
160.7,494.6
160.6,494.6
160.5,494.6
160.5,494.5
160.4,494.5
160.4,494.4
160.3,494.4
160.3,494.3
160.2,494.3
160.2,494.2
160.1,494.2
160.1,494.1
160,494.1
160,494
159.9,494
159.9,493.9
159.8,493.9
159.8,493.8
159.7,493.8
159.6,493.8
159.5,493.8
159.4,493.7
159.4,493.6
159.3,493.6
159.3,493.5
159.2,493.5
159.1,493.5
159.1,493.4
159,493.4
159,493.5
158.9,493.5
158.8,493.5
158.8,493.4
158.7,493.4
158.7,493.3
158.7,493.2
158.6,493.2
158.5,493.2
158.4,493.2
158.3,493.2
158.2,493.2
158.1,493.2
158.1,493.3
158,493.3
158,493.4
157.9,493.4
157.9,493.5
157.8,493.5
157.8,493.6
157.8,493.7
157.7,493.7
157.6,493.7
157.6,493.6
157.5,493.6
157.5,493.5
157.4,493.5
157.4,493.4
157.3,493.3
157.3,493.2
157.2,493.2
157.1,493.2
157,493.2
157,493.1
156.9,493.1
156.8,493.1
156.7,493
156.7,493.1
156.6,493.1
156.6,493
156.5,493
156.4,493
156.4,493.1
156.3,493.1
156.2,493.1
156.2,493
156.1,493
156.1,492.9
156.1,492.8
156.1,492.7
156.1,492.6
156,492.6
156,492.5
155.9,492.5
155.8,492.5
155.8,492.4
155.8,492.5
155.8,492.6
155.7,492.6
155.7,492.5
155.6,492.5
155.5,492.5
155.4,492.5
155.3,492.5
155.2,492.5
155.1,492.5
155,492.5
155,492.4
154.9,492.4
154.8,492.4
154.8,492.3
154.7,492.3
154.7,492.2
154.7,492.1
154.6,492.1
154.6,492
154.6,491.9
154.5,491.9
154.5,491.8
154.4,491.8
154.4,491.7
154.4,491.6
154.4,491.5
154.3,491.5
154.2,491.5
154.1,491.5
154.1,491.4
154,491.4
153.9,491.4
153.8,491.4
153.8,491.3
153.7,491.3
153.7,491.2
153.6,491.2
153.6,491.1
153.6,491
153.6,490.9
153.6,490.8
153.7,490.8
153.8,490.8
153.8,490.7
153.9,490.7
154,490.7
154.1,490.7
154.1,490.6
154.1,490.5
154.2,490.4
154.1,490.3
154.1,490.2
154.1,490.1
154.1,490
154,490
154,489.9
154.1,489.8
154,489.8
154.1,489.7
154.1,489.6
154,489.6
154,489.5
154,489.4
154.1,489.4
154,489.3
154,489.2
153.9,489.2
153.9,489.1
153.8,489.1
153.8,489
153.9,489
153.9,488.9
153.9,488.8
153.8,488.8
153.8,488.7
153.9,488.7
153.9,488.6
153.9,488.5
153.9,488.4
153.9,488.3
154,488.3
153.9,488.2
153.9,488.1
153.8,488.1
153.8,488
153.8,487.9
153.7,487.9
153.7,487.8
153.7,487.7
153.7,487.6
153.7,487.5
153.7,487.4
153.7,487.3
153.8,487.3
153.8,487.2
153.8,487.1
153.8,487
153.8,486.9
153.7,486.9
153.8,486.8
153.7,486.8
153.7,486.7
153.7,486.6
153.6,486.6
153.6,486.5
153.6,486.4
153.5,486.4
153.5,486.3
153.6,486.3
153.5,486.2
153.6,486.2
153.6,486.1
153.5,486.1
153.5,486
153.5,485.9
153.5,485.8
153.4,485.7
153.4,485.6
153.4,485.5
153.3,485.5
153.3,485.4
153.2,485.4
153.1,485.3
153,485.3
152.9,485.2
152.8,485.2
152.8,485.1
152.7,485.1
152.6,485.1
152.6,485
152.5,485
152.5,484.9
152.4,484.8
152.4,484.7
152.3,484.7
152.3,484.6
152.2,484.5
152.1,484.5
152.1,484.4
152.1,484.3
152,484.3
151.9,484.2
151.8,484.2
151.8,484.1
151.7,484.1
151.7,484
151.7,483.9
151.6,483.9
151.6,483.8
151.6,483.7
151.6,483.6
151.6,483.5
151.7,483.4
151.7,483.3
151.8,483.2
151.9,483.1
152,483
152.1,482.9
152.2,482.9
152.2,482.8
152.3,482.8
152.3,482.7
152.4,482.7
152.5,482.6
152.6,482.6
152.7,482.6
152.8,482.5
152.9,482.5
153,482.5
153.1,482.5
153.2,482.5
153.2,482.4
153.2,482.3
153.2,482.2
153.2,482.1
153.3,482.1
153.3,482
153.3,481.9
153.3,481.8
153.4,481.7
153.4,481.6
153.4,481.5
153.4,481.4
153.4,481.3
153.3,481.2
153.3,481.1
153.3,481
153.4,480.9
153.4,480.8
153.4,480.7
153.3,480.7
153.3,480.6
153.2,480.5
153.1,480.4
152.8,480.1
152.6,479.9
152.5,479.8
152.4,479.7
152.4,479.6
152.3,479.6
152.3,479.5
152.2,479.5
152.2,479.4
152.2,479.3
152.1,479.3
152.1,479.2
152,479.1
152,479
152,478.9
152,478.8
151.9,478.8
151.9,478.7
151.9,478.6
151.9,478.5
151.9,478.4
151.9,478.3
151.9,478.2
151.9,478.1
152,478
152,477.9
152,477.8
152,477.7
152.1,477.6
152.1,477.5
152.1,477.4
152.1,477.3
152.2,477.2
152.2,477.1
152.3,477
152.4,476.9
152.4,476.7
152.5,476.6
152.5,476.5
152.6,476.4
152.6,476.3
152.7,476.3
152.7,476.2
152.8,476.2
152.8,476.1
152.9,476
152.9,475.9
153,475.9
153.1,475.8
153.2,475.7
153.3,475.6
153.4,475.5
153.5,475.4
153.6,475.3
153.7,475.2
153.8,475.2
153.8,475.1
153.9,475.1
154,475
154.1,475
154.1,474.9
154.2,474.9
154.3,474.9
154.4,474.8
154.5,474.8
154.6,474.8
154.7,474.8
154.8,474.8
154.9,474.8
155,474.8
155.1,474.8
155.2,474.8
155.3,474.8
155.4,474.8
155.5,474.8
155.6,474.8
155.7,474.8
155.8,474.8
156,475
156,474.9
156.1,475
156.2,475
156.3,475
156.4,475
156.5,475.1
156.6,475.1
156.7,475.1
156.8,475.1
156.9,475
157,475
157.1,475
157.2,475
157.2,474.9
157.3,474.9
157.4,474.9
157.4,474.8
157.5,474.8
157.5,474.7
157.6,474.6
157.6,474.5
157.6,474.4
157.6,474.3
157.5,474.2
157.5,474.1
157.4,474.1
157.3,474
157.3,473.9
157.3,473.8
157.3,473.7
157.4,473.7
157.4,473.6
157.5,473.6
157.5,473.5
157.6,473.5
157.7,473.5
157.7,473.4
157.8,473.4
157.9,473.4
158,473.4
158,473.3
158.1,473.3
158.2,473.3
158.3,473.2
158.4,473.2
158.4,473.1
158.5,473.1
158.5,473
158.6,473
158.6,472.9
158.7,472.8
158.7,472.7
158.8,472.7
158.8,472.6
158.8,472.5
158.9,472.4
158.9,472.3
158.9,472.2
159,472.1
159,472
159.1,471.9
159.1,471.8
159.1,471.7
159.2,471.6
159.2,471.5
159.2,471.4
159.2,471.3
159.3,471.2
159.3,471.1
159.3,471
159.4,470.9
159.4,470.8
159.4,470.7
159.4,470.6
159.5,470.5
159.5,470.4
159.6,470.4
159.7,470.3
159.8,470.3
159.9,470.3
159.9,470.2
160,470.2
160.1,470.2
160.2,470.2
160.2,470.1
160.3,470.1
160.4,470.1
160.5,470.1
160.6,470.1
160.7,470.1
160.7,470
160.8,470
160.9,470
161,470
161.1,470
161.2,470
161.3,470
161.3,469.9
161.4,469.9
161.5,469.9
161.6,469.9
161.7,469.9
161.8,469.9
161.9,469.9
161.9,469.8
162,469.8
162.1,469.8
162.2,469.8
162.3,469.8
162.4,469.8
162.5,469.8
162.5,469.7
162.6,469.7
162.7,469.7
162.8,469.7
162.9,469.7
163,469.7
163.1,469.7
163.2,469.6
163.3,469.6
163.4,469.6
163.5,469.6
163.6,469.6
163.7,469.5
163.8,469.5
163.9,469.5
164,469.5
164.1,469.5
164.2,469.5
164.3,469.5
164.4,469.4
164.5,469.4
164.6,469.4
164.7,469.4
164.8,469.4
164.9,469.4
164.9,469.3
165,469.3
165.1,469.3
165.1,469.2
165.2,469.2
165.3,469.2
165.3,469.1
165.4,469.1
165.5,469
165.6,468.9
165.7,468.8
165.8,468.7
165.8,468.6
165.9,468.6
165.9,468.5
166,468.4
166,468.3
166.1,468.3
166.1,468.2
166.2,468.2
166.2,468.1
166.2,468
166.3,468
166.3,467.9
166.3,467.8
166.4,467.7
166.4,467.6
166.5,467.5
166.5,467.4
166.6,467.3
166.6,467.2
166.7,467.1
166.7,467
166.8,466.9
166.8,466.8
166.8,466.7
166.9,466.6
166.9,466.5
167,466.4
167,466.3
167.1,466.3
167.1,466.2
167.1,466.1
167.2,466
167.2,465.9
167.3,465.8
167.4,465.6
167.4,465.5
167.6,465.2
167.7,465
167.7,464.9
167.7,464.8
167.8,464.8
167.8,464.7
167.8,464.6
167.9,464.5
167.9,464.4
168,464.3
168.1,464.1
168.1,464
168.2,463.8
168.3,463.7
168.4,463.6
168.4,463.5
168.5,463.3
168.5,463.2
168.6,463.2
168.6,463.1
168.7,462.9
168.7,462.8
168.8,462.7
168.8,462.6
168.9,462.5
168.9,462.4
169,462.3
169,462.2
169.1,462
169.1,461.9
169.2,461.8
169.2,461.7
169.2,461.6
169.3,461.5
169.3,461.4
169.3,461.3
169.4,461.2
169.4,461.1
169.4,461
169.5,460.9
169.5,460.8
169.5,460.6
169.5,460.5
169.5,460.4
169.5,460.3
169.5,460.2
169.5,460.1
169.5,460
169.5,459.9
169.5,459.8
169.5,459.7
169.5,459.6
169.5,459.5
169.5,459.4
169.5,459.3
169.5,459.2
169.4,459.2
169.4,459.1
169.4,459
169.4,458.9
169.4,458.8
169.4,458.7
169.4,458.6
169.4,458.5
169.4,458.4
169.3,458.4
169.3,458.3
169.3,458.2
169.3,458.1
169.3,458
169.3,457.9
169.3,457.8
169.2,457.8
169.2,457.7
169.2,457.6
169.2,457.5
169.2,457.4
169.2,457.3
169.1,457.2
169.1,457.1
169.1,457
169.1,456.9
169.1,456.8
169,456.8
169,456.7
169,456.6
169,456.5
169,456.4
168.9,456.4
168.9,456.3
168.9,456.2
168.9,456.1
168.9,456
168.8,455.9
168.8,455.8
168.8,455.7
168.7,455.6
168.7,455.5
168.7,455.4
168.7,455.3
168.6,455.3
168.6,455.2
168.6,455.1
168.6,455
168.5,455
168.5,454.9
168.5,454.8
168.5,454.7
168.4,454.6
168.4,454.5
168.4,454.4
168.3,454.3
168.3,454.2
168.3,454.1
168.2,454.1
168.2,454
168.2,453.9
168.1,453.8
168.1,453.7
168.1,453.6
168.1,453.5
168,453.5
168,453.4
168,453.3
168,453.2
167.9,453.1
167.8,452.9
167.8,452.8
167.8,452.7
167.7,452.6
167.7,452.5
167.7,452.4
167.6,452.3
167.6,452.2
167.6,452.1
167.5,452.1
167.5,452
167.5,451.9
167.5,451.8
167.4,451.8
167.4,451.6
167.3,451.4
167.3,451.3
167.2,451.2
167.2,451.1
167.1,451
167.1,450.9
167.1,450.8
167,450.7
167,450.5
166.9,450.4
166.9,450.3
166.9,450.2
166.8,450.1
166.8,450
166.8,449.9
166.8,449.8
166.8,449.7
166.7,449.6
166.7,449.5
166.7,449.4
166.7,449.3
166.7,449.2
166.8,449.2
166.8,449.1
166.8,449
166.8,448.9
166.8,448.8
166.8,448.7
166.8,448.6
166.8,448.4
166.8,448.3
166.8,448.2
166.8,448.1
166.8,448
166.8,447.9
166.8,447.8
166.9,447.6
166.9,447.5
166.9,447.3
166.9,447.2
166.9,447.1
167,447
167,446.9
167,446.8
167,446.7
167,446.6
167.1,446.5
167.1,446.4
167.1,446.2
167.1,446.1
167.2,446
167.2,445.9
167.2,445.8
167.3,445.7
167.3,445.6
167.3,445.5
167.4,445.4
167.4,445.3
167.4,445.2
167.5,445.1
167.5,444.9
167.6,444.8
167.6,444.7
167.6,444.6
167.7,444.6
167.7,444.5
167.8,444.4
167.8,444.2
167.9,444.2
167.9,444.1
168,443.9
168,443.8
168.1,443.8
168.1,443.7
168.2,443.6
168.3,443.5
168.3,443.4
168.4,443.3
168.5,443.3
168.5,443.2
168.6,443.1
168.6,443
168.7,443
168.7,442.9
168.8,442.8
168.8,442.7
168.9,442.6
169,442.6
169,442.5
169.1,442.4
169.2,442.3
169.3,442.1
169.4,442
169.5,441.8
169.6,441.7
169.7,441.6
169.8,441.4
169.9,441.3
170,441.1
170.1,441
170.3,440.8
170.4,440.6
170.5,440.5
170.6,440.3
170.7,440.3
170.7,440.2
170.7,440.1
170.8,440.1
170.8,440
170.9,440
170.9,439.9
171,439.8
171.1,439.7
171.1,439.6
171.2,439.5
171.3,439.4
171.6,439
171.7,438.8
172,438.4
172.2,438.1
172.7,437.5
172.8,437.3
173.3,436.6
173.5,436.4
173.5,436.3
173.5,436.2
173.5,436.1
173.5,435.9
173.5,435.7
173.5,435.5
173.5,435.4
173.5,435.3
173.5,435.2
173.5,435.1
173.5,435
173.5,434.9
173.4,434.9
173.4,434.8
173.4,434.7
173.4,434.6
173.5,434.6
173.5,434.5
173.6,434.5
173.7,434.5
173.7,434.4
173.8,434.4
173.9,434.4
173.9,434.3
174,434.3
174,434.2
174.1,434.2
174.1,434.1
174.2,434.1
174.2,434
174.2,433.9
174.3,433.9
174.3,433.8
174.3,433.7
174.4,433.7
174.4,433.6
174.4,433.5
174.5,433.5
174.5,433.4
174.5,433.3
174.6,433.2
174.6,433.1
174.6,433
174.7,433
174.7,432.9
174.7,432.8
174.7,432.7
174.8,432.7
174.8,432.6
174.8,432.5
174.8,432.4
174.9,432.4
175,432.4
175,432.3
175.1,432.3
175.2,432.2
175.3,432.2
175.3,432.1
175.4,432.1
175.5,432.1
175.5,432
175.6,432
175.7,432
175.7,431.9
175.8,431.9
175.9,431.8
176,431.8
176,431.7
176.1,431.7
176.2,431.7
176.2,431.6
176.3,431.6
176.3,431.5
176.4,431.5
176.4,431.4
176.5,431.3
176.5,431.2
176.6,431.1
176.7,431.1
176.7,431
176.8,431
176.9,431
176.9,430.9
177,430.9
177.1,430.9
177.1,430.8
177.2,430.8
177.3,430.7
177.3,430.6
177.4,430.6
177.4,430.5
177.4,430.4
177.5,430.4
177.5,430.3
177.5,430.2
177.6,430.2
177.6,430.1
177.6,430
177.7,430
177.7,429.9
177.7,429.8
177.8,429.8
177.8,429.7
177.8,429.6
177.9,429.6
178,429.6
178,429.5
178.1,429.5
178.1,429.4
178.1,429.3
178.2,429.3
178.2,429.2
178.2,429.1
178.2,429
178.2,428.9
178.2,428.8
178.3,428.8
178.3,428.7
178.3,428.6
178.4,428.6
178.4,428.5
178.5,428.4
178.5,428.3
178.5,428.2
178.6,428.2
178.6,428.1
178.6,428
178.7,428
178.7,427.9
178.7,427.8
178.8,427.8
178.8,427.7
178.9,427.7
178.9,427.6
179,427.6
179.1,427.6
179.1,427.5
179.2,427.5
179.3,427.4
179.4,427.4
179.4,427.3
179.5,427.3
179.6,427.3
179.6,427.2
179.7,427.2
179.7,427.1
179.7,427
179.8,427
179.8,426.9
179.8,426.8
179.8,426.7
179.9,426.6
179.9,426.5
179.9,426.4
179.9,426.3
180,426.3
180,426.2
180,426.1
180,426
180.1,425.9
180.1,425.8
180.1,425.7
180.1,425.6
180.2,425.6
180.3,425.6
180.4,425.6
180.5,425.6
180.6,425.6
180.7,425.5
180.8,425.5
181,425.5
181.1,425.5
181.2,425.5
181.4,425.5
181.5,425.5
181.6,425.5
181.7,425.5
181.8,425.5
181.9,425.5
182,425.5
182.2,425.5
182.3,425.5
182.4,425.5
182.5,425.5
182.7,425.5
182.8,425.5
182.9,425.5
183,425.5
183.1,425.5
183.2,425.5
183.3,425.5
183.4,425.5
183.5,425.5
183.6,425.5
183.7,425.5
183.9,425.4
184.2,425.4
184.3,425.4
184.4,425.4
184.5,425.4
184.6,425.4
184.7,425.4
184.8,425.4
184.9,425.4
185,425.4
185.1,425.4
185.2,425.4
185.3,425.2
185.4,425.1
185.5,425
185.6,424.9
185.6,424.8
185.7,424.7
185.8,424.6
185.8,424.5
185.9,424.5
186,424.4
186,424.3
186.2,424.1
186.3,424
186.4,423.8
186.5,423.7
186.5,423.6
186.7,423.3
186.9,423.1
187,422.9
187.1,422.8
187.2,422.7
187.2,422.6
187.3,422.6
187.3,422.5
187.4,422.4
187.5,422.3
187.6,422.2
187.6,422.1
187.7,422.1
187.7,422
187.8,422
187.8,421.9
187.8,421.8
187.9,421.8
187.9,421.7
188,421.7
188.1,421.7
188.2,421.7
188.3,421.6
188.3,421.5
188.3,421.4
188.4,421.3
188.5,421.3
188.5,421.2
188.6,421.2
188.7,421.2
188.8,421.2
188.9,421.2
188.9,421.1
189,421.1
189.1,421.1
189.1,421
189.2,421
189.2,420.9
189.3,420.9
189.3,420.8
189.2,420.8
189.1,420.8
189.1,420.7
189.2,420.7
189.2,420.6
189.3,420.6
189.3,420.5
189.3,420.4
189.4,420.4
189.4,420.3
189.4,420.2
189.5,420.2
189.5,420.1
189.5,420
189.5,419.9
189.6,419.9
189.7,419.9
189.7,420
189.8,419.9
189.8,419.8
189.9,419.8
190,419.8
190.1,419.8
190.2,419.7
190.3,419.7
190.3,419.6
190.4,419.6
190.5,419.5
190.6,419.5
190.6,419.4
190.7,419.4
190.8,419.4
190.8,419.3
190.8,419.2
190.9,419.2
190.9,419.1
191,419.1
191,419
191.1,419
191.1,418.9
191.2,418.9
191.3,418.8
191.4,418.8
191.5,418.8
191.6,418.8
191.7,418.7
191.8,418.6
191.9,418.6
192,418.6
192.1,418.6
192.2,418.6
192.3,418.6
192.4,418.6
192.5,418.6
192.6,418.6
192.6,418.7
192.7,418.7
192.8,418.7
192.8,418.8
192.9,418.8
192.9,418.9
193,418.9
193.1,418.9
193.2,418.9
193.2,418.8
193.2,418.7
193.3,418.7
193.3,418.6
193.4,418.6
193.5,418.6
193.6,418.6
193.7,418.6
193.8,418.6
193.9,418.6
194,418.6
194.1,418.6
194.1,418.5
194.2,418.5
194.3,418.5
194.4,418.5
194.5,418.5
194.6,418.6
194.7,418.6
194.8,418.6
194.9,418.6
195,418.6
195.1,418.6
195.2,418.6
195.3,418.6
195.4,418.6
195.5,418.6
195.6,418.6
195.7,418.6
195.8,418.6
195.9,418.6
196,418.6
196.1,418.6
196.2,418.6
196.3,418.6
196.4,418.6
196.5,418.6
196.6,418.6
196.7,418.7
196.8,418.7
196.9,418.7
197,418.7
197,418.8
197.1,418.8
197.2,418.9
197.2,419
197.2,418.9
197.3,418.9
197.3,418.8
197.4,418.8
197.5,418.8
197.5,418.7
197.6,418.7
197.6,418.6
197.7,418.6
197.7,418.5
197.8,418.5
197.9,418.5
197.9,418.4
198,418.4
198.1,418.4
198.2,418.4
198.3,418.3
198.3,418.2
198.4,418.2
198.5,418.1
198.5,418
198.6,418
198.6,417.9
198.6,417.8
198.7,417.8
198.7,417.7
198.8,417.6
198.9,417.5
198.9,417.4
199,417.4
199,417.3
199,417.2
199.1,417.2
199.2,417.2
199.2,417.1
199.3,417.1
199.4,417
199.4,416.9
199.5,416.9
199.5,416.8
199.5,416.7
199.6,416.7
199.7,416.7
199.8,416.6
199.9,416.6
200,416.6
200,416.5
200,416.4
200.1,416.4
200.1,416.3
200.2,416.3
200.3,416.3
200.3,416.2
200.4,416.2
200.5,416.1
200.6,416.1
200.7,416.1
200.8,416.1
200.9,416.1
200.9,416
201,416
201.1,416
201.2,416
201.3,416
201.4,415.9
201.5,415.9
201.6,415.9
201.7,415.9
201.8,415.9
201.8,416
201.9,416
202,416
202.1,416
202.2,416
202.2,416.1
202.3,416.1
202.4,416.1
202.5,416.2
202.6,416.2
202.7,416.2
202.7,416.3
202.8,416.3
202.9,416.3
202.9,416.4
203,416.4
203.1,416.5
203.2,416.5
203.2,416.6
203.3,416.6
203.3,416.7
203.4,416.7
203.4,416.8
203.5,416.8
203.5,416.9
203.6,417
203.6,417.1
203.7,417.1
203.7,417.2
203.8,417.2
203.8,417.3
203.8,417.4
203.9,417.4
204,417.4
204.1,417.4
204.2,417.5
204.3,417.5
204.4,417.5
204.5,417.6
204.6,417.6
204.7,417.6
204.7,417.7
204.8,417.7
204.9,417.7
204.9,417.8
205,417.8
205,417.7
205,417.6
205,417.5
204.9,417.5
204.9,417.4
204.9,417.3
204.9,417.2
205,417.2
205,417.1
205,417
205,416.9
204.9,416.9
205,416.8
205,416.7
205,416.6
205,416.5
205.1,416.4
205.1,416.3
205.2,416.3
205.2,416.2
205.2,416.1
205.3,416.1
205.3,416
205.4,416
205.4,415.9
205.5,415.9
205.5,415.8
205.5,415.7
205.5,415.6
205.6,415.6
205.6,415.5
205.7,415.4
205.7,415.3
205.8,415.3
205.9,415.3
206,415.3
206.1,415.3
206.1,415.2
206.2,415.2
206.3,415.2
206.3,415.1
206.3,415
206.3,414.9
206.3,414.8
206.4,414.8
206.4,414.7
206.4,414.6
206.4,414.5
206.3,414.5
206.3,414.4
206.3,414.3
206.4,414.3
206.4,414.2
206.5,414.2
206.5,414.1
206.6,414.1
206.6,414.2
206.7,414.2
206.7,414.3
206.8,414.3
206.8,414.4
206.9,414.5
207,414.5
207.1,414.5
207.2,414.5
207.2,414.6
207.3,414.6
207.3,414.7
207.4,414.7
207.5,414.7
207.6,414.8
207.6,414.9
207.7,414.9
207.6,415
207.5,415
207.5,415.1
207.5,415.2
207.5,415.3
207.6,415.3
207.6,415.4
207.5,415.5
207.6,415.6
207.7,415.6
207.7,415.7
207.8,415.7
207.9,415.7
207.9,415.8
208,415.8
208,415.9
208,416
208.1,416
208.1,416.1
208.1,416.2
208.2,416.3
208.3,416.3
208.4,416.3
208.4,416.4
208.4,416.5
208.5,416.5
208.5,416.6
208.6,416.6
208.6,416.7
208.5,416.7
208.5,416.8
208.5,416.9
208.6,416.9
208.6,417
208.7,417
208.7,417.1
208.8,417.1
208.8,417
208.9,417
208.9,416.9
209,416.9
209.1,416.9
209.1,416.8
209.2,416.8
209.3,416.8
209.4,416.8
209.5,416.8
209.6,416.8
209.7,416.8
209.8,416.8
209.9,416.8
209.9,416.9
209.9,417
209.8,417
209.8,417.1
209.8,417.2
209.8,417.3
209.8,417.4
209.8,417.5
209.8,417.6
209.8,417.7
209.8,417.8
209.8,417.9
209.8,418
209.8,418.1
209.8,418.2
209.9,418.2
209.9,418.3
209.9,418.4
209.9,418.5
209.9,418.6
209.9,418.7
209.9,418.8
209.9,418.9
209.9,419
209.9,419.1
209.9,419.2
209.9,419.3
210,419.3
210,419.4
210,419.5
210,419.6
210,419.7
210,419.8
210.1,419.8
210.1,419.9
210.1,420
210.2,420
210.2,420.1
210.1,420.2
210.1,420.3
210.1,420.4
210.1,420.5
210.1,420.6
210.1,420.7
210.1,420.8
210.2,420.8
210.2,420.9
210.3,420.9
210.3,421
210.4,421
210.4,421.1
210.3,421.1
210.3,421.2
210.3,421.3
210.4,421.3
210.4,421.4
210.4,421.5
210.4,421.6
210.5,421.7
210.5,421.8
210.5,421.9
210.5,422
210.5,422.1
210.5,422.2
210.5,422.3
210.6,422.3
210.6,422.4
210.6,422.5
210.7,422.5
210.7,422.6
210.8,422.6
210.8,422.7
210.9,422.7
211,422.7
211,422.8
211.1,422.8
211.1,422.9
211.1,423
211.2,423
211.2,423.1
211.2,423.2
211.3,423.2
211.3,423.3
211.3,423.4
211.4,423.4
211.4,423.5
211.5,423.6
211.5,423.7
211.6,423.7
211.6,423.8
211.6,423.9
211.7,423.9
211.7,424
211.8,424
211.9,424
212,424
212.1,424
212.1,423.9
212.2,423.9
212.3,423.9
212.4,423.8
212.5,423.8
212.5,423.7
212.6,423.7
212.6,423.6
212.7,423.6
212.7,423.5
212.8,423.5
212.9,423.4
213,423.4
213.1,423.4
213.1,423.3
213.2,423.3
213.3,423.3
213.4,423.3
213.4,423.2
213.5,423.2
213.6,423.2
213.7,423.1
213.8,423.1
213.9,423.1
213.9,423
214,423
214.1,423
214.2,423
214.2,422.9
214.3,422.9
214.4,422.9
214.5,422.9
214.6,422.9
214.7,422.9
214.7,422.8
214.8,422.8
214.9,422.8
215,422.8
215,422.7
215.1,422.7
215.2,422.7
215.3,422.7
215.3,422.6
215.4,422.6
215.4,422.5
215.5,422.5
215.6,422.5
215.6,422.4
215.7,422.4
215.7,422.3
215.8,422.3
215.9,422.2
216,422.2
216.1,422.2
216.2,422.2
216.2,422.1
216.3,422.1
216.3,422
216.4,422
216.4,421.9
216.5,421.9
216.5,421.8
216.5,421.7
216.5,421.6
216.6,421.6
216.6,421.5
216.6,421.4
216.7,421.3
216.7,421.2
216.8,421.1
216.9,421.1
217,421.1
217,421
217.1,421
217.1,420.9
217.2,420.9
217.2,420.8
217.3,420.7
217.3,420.6
217.3,420.5
217.4,420.5
217.4,420.4
217.5,420.4
217.6,420.4
217.7,420.3
217.8,420.3
217.9,420.3
217.9,420.2
218,420.2
218,420.3
218.1,420.3
218.2,420.3
218.2,420.4
218.3,420.4
218.4,420.4
218.5,420.4
218.5,420.5
218.6,420.5
218.7,420.5
218.7,420.6
218.8,420.6
218.8,420.7
218.9,420.8
219,420.8
219,420.9
219.1,420.9
219.2,420.9
219.3,420.9
219.3,421
219.4,421
219.5,421.1
219.6,421.1
219.7,421.1
219.7,421
219.7,420.9
219.7,420.8
219.7,420.7
219.8,420.7
219.8,420.6
219.8,420.5
219.7,420.5
219.7,420.4
219.7,420.3
219.7,420.2
219.7,420.1
219.7,420
219.7,419.9
219.6,419.9
219.6,419.8
219.6,419.7
219.6,419.6
219.6,419.5
219.6,419.4
219.6,419.3
219.5,419.2
219.6,419.2
219.7,419.2
219.8,419.2
219.8,419.1
219.9,419.1
220,419.1
220.1,419.1
220.1,419
220.2,419
220.3,419
220.4,419
220.4,418.9
220.5,418.9
220.6,418.9
220.6,418.8
220.6,418.7
220.6,418.6
220.6,418.5
220.6,418.4
220.6,418.3
220.6,418.2
220.7,418.2
220.7,418.1
220.8,418.1
220.9,418.1
220.9,418
221,418
221.1,418
221.2,418
221.2,417.9
221.2,417.8
221.3,417.8
221.4,417.8
221.5,417.8
221.6,417.8
221.6,417.9
221.7,417.9
221.8,417.9
221.9,417.9
222,417.9
222.1,417.9
222.1,418
222.2,418
222.3,418
222.3,417.9
222.4,417.9
222.4,417.8
222.5,417.8
222.5,417.7
222.6,417.8
222.7,417.8
222.7,417.9
222.8,417.9
222.9,417.9
223,418
223.1,418.1
223.1,418.2
223.2,418.2
223.2,418.3
223.2,418.4
223.3,418.4
223.3,418.5
223.4,418.5
223.5,418.4
223.6,418.4
223.6,418.5
223.6,418.4
223.7,418.4
223.7,418.3
223.7,418.2
223.7,418.1
223.7,418
223.7,417.9
223.7,417.8
223.7,417.7
223.8,417.6
223.9,417.6
223.9,417.5
223.9,417.4
223.9,417.3
224,417.2
224.1,417.2
224.2,417.2
224.3,417.2
224.4,417.2
224.5,417.1
224.5,417
224.5,416.9
224.5,416.8
224.6,416.8
224.6,416.7
224.7,416.7
224.7,416.6
224.8,416.6
224.9,416.5
225,416.5
225.1,416.5
225.2,416.5
225.3,416.5
225.3,416.6
225.3,416.5
225.4,416.5
225.5,416.5
225.6,416.5
225.7,416.4
225.8,416.4
225.9,416.4
225.9,416.3
226,416.3
226.1,416.3
226.2,416.3
226.2,416.2
226.3,416.2
226.2,416.1
226.2,416
226.1,416
226.1,415.9
226,415.9
226,415.8
226,415.7
225.9,415.7
225.9,415.6
225.9,415.5
225.9,415.4
226,415.3
226,415.2
226,415.1
225.9,415.1
225.9,415
225.9,414.9
225.9,414.8
225.8,414.7
225.9,414.6
225.9,414.5
226,414.5
226,414.4
226.1,414.4
226.1,414.3
226.1,414.2
226.1,414.1
226.1,414
226.2,414
226.2,413.9
226.3,413.9
226.4,413.9
226.4,413.8
226.5,413.8
226.6,413.8
226.6,413.7
226.5,413.7
226.5,413.6
226.5,413.5
226.5,413.4
226.5,413.3
226.5,413.2
226.4,413.1
226.4,413
226.4,412.9
226.4,412.8
226.4,412.7
226.4,412.6
226.4,412.5
226.4,412.4
226.4,412.3
226.4,412.2
226.4,412.1
226.5,412.1
226.6,412
226.7,412
226.8,412
226.9,412
227,412
227.1,412
227.2,412
227.3,412
227.3,412.1
227.3,412.2
227.4,412.2
227.4,412.3
227.4,412.4
227.5,412.5
227.5,412.6
227.6,412.6
227.7,412.6
227.8,412.6
227.9,412.6
227.9,412.5
227.9,412.4
227.9,412.3
227.9,412.2
227.9,412.1
227.9,412.2
228,412.2
228,412.1
228.1,412.1
228.2,412.1
228.3,412.1
228.4,412.1
228.4,412.2
228.5,412.2
228.6,412.3
228.6,412.2
228.7,412.2
228.7,412.1
228.7,412
228.7,411.9
228.8,411.9
228.8,411.8
228.9,411.8
229,411.8
229.1,411.7
229.1,411.6
229.2,411.6
229.2,411.5
229.2,411.4
229.3,411.4
229.3,411.3
229.4,411.3
229.4,411.2
229.5,411.2
229.5,411.1
229.6,411.1
229.7,411.1
229.7,411
229.8,411
229.8,410.9
229.9,410.8
229.9,410.7
230,410.6
230.1,410.5
230.2,410.5
230.2,410.4
230.3,410.4
230.4,410.4
230.4,410.3
230.5,410.3
230.5,410.2
230.5,410.1
230.6,410.1
230.6,410
230.6,409.9
230.6,409.8
230.7,409.7
230.7,409.6
230.8,409.6
230.8,409.5
230.9,409.5
230.9,409.4
231,409.4
231,409.3
231.1,409.2
231.1,409.1
231.1,409
231.2,409
231.3,409
231.3,408.9
231.4,408.9
231.4,408.8
231.5,408.8
231.5,408.7
231.6,408.7
231.7,408.7
231.7,408.6
231.8,408.6
231.9,408.6
232,408.6
232,408.5
232.1,408.5
232.2,408.6
232.2,408.5
232.3,408.5
232.4,408.4
232.4,408.3
232.4,408.2
232.4,408.1
232.4,408
232.4,407.9
232.5,407.8
232.6,407.8
232.6,407.7
232.7,407.7
232.8,407.7
232.9,407.6
233,407.6
233,407.5
233.1,407.5
233.1,407.4
233.2,407.4
233.2,407.3
233.3,407.3
233.2,407.3
233.2,407.2
233.2,407.1
233.2,407
233.3,407
233.3,406.9
233.3,406.8
233.3,406.7
233.3,406.6
233.4,406.6
233.4,406.5
233.4,406.4
233.5,406.4
233.5,406.3
233.5,406.2
233.5,406.1
233.6,406.1
233.6,406
233.6,405.9
233.6,405.8
233.6,405.7
233.6,405.6
233.6,405.5
233.6,405.4
233.7,405.4
233.7,405.3
233.8,405.3
233.8,405.2
233.9,405.1
233.9,405
234,405
234,404.9
234.1,404.9
234.1,404.8
234.2,404.8
234.2,404.7
234.3,404.7
234.4,404.7
234.5,404.7
234.5,404.6
234.6,404.6
234.7,404.6
234.8,404.5
234.9,404.5
234.9,404.4
235,404.4
235,404.3
235.1,404.3
235.2,404.3
235.3,404.3
235.4,404.3
235.4,404.2
235.5,404.2
235.5,404.1
235.6,404.1
235.6,404
235.7,404
235.8,404
235.9,404
236,404
236,403.9
236.1,403.9
236.1,404
236.2,404
236.3,404
236.3,403.9
236.2,403.8
236.2,403.7
236.2,403.6
236.1,403.6
236.1,403.5
236.2,403.5
236.1,403.5
236.1,403.4
236.1,403.3
236.1,403.2
236,403.1
236.1,403.1
236,403
236,402.9
236,402.8
236,402.7
235.9,402.7
235.9,402.6
235.9,402.5
235.9,402.4
236,402.4
235.9,402.4
236,402.4
236,402.3
235.9,402.3
235.9,402.2
236,402.2
236,402.1
235.9,402.1
236,402.1
236,402
236,401.9
236.1,401.9
236.1,401.8
236,401.8
236.1,401.8
236.1,401.7
236.2,401.7
236.2,401.6
236.3,401.6
236.3,401.5
236.4,401.5
236.5,401.5
236.5,401.4
236.5,401.3
236.5,401.2
236.5,401.1
236.6,401.1
236.6,401
236.6,400.9
236.6,400.8
236.6,400.7
236.5,400.7
236.5,400.6
236.5,400.5
236.6,400.5
236.7,400.5
236.7,400.4
236.6,400.3
236.7,400.3
236.8,400.3
236.7,400.2
236.7,400.1
236.8,400.1
236.8,400.2
236.8,400.1
236.9,400.1
236.9,400
237,400
237.1,399.9
237.1,400
237.2,400
237.2,400.1
237.1,400.1
237.2,400.1
237.3,400.1
237.3,400.2
237.4,400.2
237.4,400.3
237.5,400.3
237.5,400.2
237.6,400.2
237.7,400.2
237.8,400.3
237.7,400.4
237.8,400.4
237.9,400.4
237.9,400.5
238,400.5
238,400.4
237.9,400.4
237.9,400.3
237.8,400.3
237.9,400.2
238,400.2
238,400.1
238.1,400.1
238.1,400
238.2,400
238.2,400.1
238.3,400.1
238.4,400.1
238.4,400.2
238.5,400.2
238.6,400.3
238.7,400.4
238.6,400.3
238.7,400.3
238.8,400.3
238.9,400.3
238.9,400.4
239,400.4
239,400.3
239.1,400.3
239.1,400.2
239.2,400.2
239.2,400.1
239.3,400.1
239.3,400
239.4,400
239.4,400.1
239.4,400.2
239.4,400.1
239.5,400.1
239.6,400.1
239.5,400.1
239.5,400
239.6,400
239.7,400
239.7,400.1
239.7,400
239.8,400
239.8,400.1
239.9,400.1
240,400.1
240,400
240.1,400
240.1,400.1
240.2,400.1
240.3,400.1
240.4,400.1
240.5,400.1
240.6,400.1
240.7,400.1
240.8,400.1
240.8,400.2
240.9,400.2
241,400.2
241.1,400.2
241,400.1
241.1,400.1
241.2,400.1
241.2,400
241.1,400
241.2,400
241.2,399.9
241.2,399.8
241.3,399.8
241.4,399.8
241.3,399.8
241.3,399.7
241.3,399.6
241.4,399.6
241.4,399.5
241.5,399.5
241.5,399.6
241.5,399.5
241.6,399.5
241.6,399.4
241.6,399.3
241.7,399.3
241.8,399.3
241.8,399.2
241.9,399.2
242,399.3
242,399.4
242,399.3
242.1,399.3
242.2,399.4
242.1,399.3
242.1,399.2
242.2,399.2
242.3,399.2
